Id,Name,"Parent Id","Group Name","Owner Id","Tax code","Account Id",account_number,"Payment term Label","Internal rating Id"
3177,"1st Coast Printing",,,1,,2848,37821,,
3178,"1st Impressions Screen",,,1,,2849,194554,,
3179,"2020 Brand Solutions",,,1,,2850,170720,,
3180,"2 Oceans Promotions",,,1,,2851,347908,,
3181,"3 Point Brand Management",,,1,,2852,344477,,
3182,"413 Strengthgear ",,,1,,2853,196961,,
3183,"4 All Promos / K-Read",,,1,,2854,196920,,
3184,"4 DESIGN",,,1,,2855,100033,,
3185,4Imprint.com,,,1,,2856,282150,,
3186,"5 Star Promo",,,1,,2857,194729,,
3187,"A2Z Promo Zone",,,1,,2858,37322,,
3188,"Abante Marketing",,,1,,2859,101847,,
3189,"Abbott Communications Group",,,1,,2860,524702,,
3190,"Absolutely Postively Promos",,,1,,2861,102545,,
3191,"Accolades, Inc.",,,1,,2862,102910,,
3192,"Achievement Gallery",,,1,,2863,18844,,
3193,"Action Bag Company",,,1,,2864,104636,,
3194,"Ad Cafe",,,1,,2865,114433,,
3195,"Adcentives West ",,,1,,2866,105710,,
3196,"Adcentives West",,,1,,2867,105710,,
3197,"Added Incentives",,,1,,2868,106725,,
3198,"Added Incentives Inc.",,,1,,2869,32876,,
3199,"Adform Advertising",,,1,,2870,104977,,
3200,"AD Mechanics LLC.",,,1,,2871,37415,,
3201,"Ad Options, Inc.",,,1,,2872,105213,,
3202,"AD-SPECIALTIES & MORE, LTD.",,,1,,2873,113357,,
3203,"Adstar, Inc. ",,,1,,2874,108390,,
3204,"Ad-Star Sales, Inc.",,,1,,2875,108397,,
3205,"AdStuff Promotional Products",,,1,,2876,34129,,
3206,"Ad Ventures Promotional Products",,,1,,2877,105312,,
3207,"ADVERTISING ANYTHING ",,,1,,2878,109959,,
3208,"Advertising Experts",,,1,,2879,24156,,
3209,"Advertising Ideas  ",,,1,,2880,111325,,
3210,"Advertising Plus",,,1,,2881,111774,,
3211,"Advertising Premium & Incentive API",,,1,,2882,147450,,
3212,"Advertising Promotional Spec.",,,1,,2883,112150,,
3213,"Advertising Specialty Services",,,1,,2884,114343,,
3214,"Advg. Specs. Of Maine, The",,,1,,2885,112775,,
3215,"Adwood Company",,,1,,2886,114863,,
3216,"AIA CORPORATION DBA/MY CORPORATE EXPRESSIONS ",,,1,,2887,109480,,
3217,"Albrecht & Co. ",,,1,,2888,116308,,
3218,"Albrecht & Co.",,,1,,2889,116308,,
3219,"Alison Group, The",,,1,,2890,116995,,
3220,"Allegra Marketing",,,1,,2891,372045,,
3221,"Allegra Marketing, Print & Web",,,1,,2892,372010,,
3222,"Allen & Goel Marketing Co.",,,1,,2893,29573,,
3223,"Alliance Graphics",,,1,,2894,117905,,
3224,"Alliance Packaging Group Inc.",,,1,,2895,33772,,
3225,"All Purpose Advertising ",,,1,,2896,117104,,
3226,"ALL SEASONS PROMOTIONS ",,,1,,2897,117108,,
3227,"All Seasons Sport About",,,1,,2898,30650,,
3228,"Allsorts Promotional Products ",,,1,,2899,25961,,
3229,"All Types Advertising",,,1,,2900,118980,,
3230,"All-Ways Advertising Company",,,1,,2901,117230,,
3231,"AL-Lynn Sales",,,1,,2902,35330,,
3232,"Alpek International",,,1,,2903,28399,,
3233,"Amazing U Promotions",,,1,,2904,35661,,
3234,"Ambassador Awards &",,,1,,2905,119404,,
3235,"American Ad Specialties",,,1,,2906,119632,,
3236,"AMERICAN MARKETING PROMOTIONS",,,1,,2907,36799,,
3237,"American Solutions for Bus",,,1,,2908,120075,,
3238,Amplifii,,,1,,2909,338337,,
3239,"Amsterdam Printing",,,1,,2910,121500,,
3240,"Andrew's Business Services ",,,1,,2911,122091,,
3241,"Andrie, George & Associates",,,1,,2912,122110,,
3242,"Angela Conrad, Inc.",,,1,,2913,122160,,
3243,"Anitaâ€™s Marketing Concepts, Inc.",,,1,,2914,122215,,
3244,"Anypromo Corp",,,1,,2915,117065,,
3245,"Anything Imprints",,,1,,2916,122651,,
3246,"AP Branded Solutions",,,1,,2917,125341,,
3247,"Apex Advertising",,,1,,2918,122736,,
3248,"Apex Advertising Inc.",,,1,,2919,122737,,
3249,"A Plus Marketing",,,1,,2920,25664,,
3250,"ARC PROMOTIONAL DESIGN ",,,1,,2921,21968,,
3251,"Artco Promotional Products",,,1,,2922,124970,,
3252,"ArtCo Promotional Products",,,1,,2923,124970,,
3253,"Artcraft Ad Specialties Co.",,,1,,2924,124976,,
3254,"Art F/X Screenprinting & Embroidery",,,1,,2925,124987,,
3255,"Artina Promotional Products",,,1,,2926,125290,,
3256,"Artistic Imprints College Lane",,,1,,2927,125346,,
3257,"Artist Touch",,,1,,2928,125303,,
3258,Ascentives,,,1,,2929,233950,,
3259,"Association Services, Inc.",,,1,,2930,33395,,
3260,"Ataly Graphics",,,1,,2931,126446,,
3261,"A Turtle Loves Me ",,,1,,2932,29446,,
3262,"AUS-TEX PRINTING & MAILING ",,,1,,2933,18448,,
3263,"AUSTIN SPECIALTY ADVERTISING",,,1,,2934,127592,,
3264,"AUTHENTIC PROMOTIONS.COM",,,1,,2935,127621,,
3265,"Awards By Walsh's",,,1,,2936,18254,,
3266,"Awesome Advertising",,,1,,2937,31145,,
3267,"Axis Promotions & Events",,,1,,2938,128263,,
3268,"Bagley Idea Pros",,,1,,2939,129900,,
3269,"Balady Promotions, INC.",,,1,,2940,130801,,
3270,"Bamko Inc. ",,,1,,2941,131431,,
3271,"Banana Promotions",,,1,,2942,352522,,
3272,"BARKER SPECIALTY ADVERTISING",,,1,,2943,132690,,
3273,"BAT CITY, Inc.",,,1,,2944,133778,,
3274,"Baudville Inc",,,1,,2945,133950,,
3275,"BC Graphics",,,1,,2946,128880,,
3276,"Beehive Specialty",,,1,,2947,135780,,
3277,"Bella Signs & Designs Inc.",,,1,,2948,136238,,
3278,"Ben S. Loeb Inc",,,1,,2949,255220,,
3279,"Bergman Incentives",,,1,,2950,137884,,
3280,"Bergman Incentives",,,1,,2951,137955,,
3281,"Bernard's Custom Logo",,,1,,2952,24815,,
3282,"Best Impressions",,,1,,2953,138500,,
3283,"Big Dog Promo ",,,1,,2954,590143,,
3284,"BIGGERFISH ",,,1,,2955,140070,,
3285,"Big Promo Marketing ",,,1,,2956,37404,,
3286,"BIG STAR BRANDING ",,,1,,2957,191009,,
3287,"Bill Powell Advertising, Inc.",,,1,,2958,297532,,
3288,"BKG Media and Promotions",,,1,,2959,34545,,
3289,"Black Duck, Inc.",,,1,,2960,140730,,
3290,"Blink Marketing",,,1,,2961,141424,,
3291,"Blue Dog Merch",,,1,,2962,26555,,
3292,"BlueFish Promotional Marketing",,,1,,2963,34495,,
3293,"BLUE GRASS ADV SPEC",,,1,,2964,141760,,
3294,"Blue Rose Promotions",,,1,,2965,141910,,
3295,"Blue Soda Promo ",,,1,,2966,288473,,
3296,"BMP Partners, Inc.",,,1,,2967,129449,,
3297,"BND Corp",,,1,,2968,129474,,
3298,"BOB LILLY PROFESSIONAL PROMOTIONS ",,,1,,2969,254138,,
3299,"Bonus Marketing Inc",,,1,,2970,142835,,
3300,"Booker Promotions",,,1,,2971,142800,,
3301,"Boosters, Inc. ",,,1,,2972,143000,,
3302,"Boost Promotional Branding",,,1,,2973,282470,,
3303,"BOSS PROMO & PRINT ",,,1,,2974,32801,,
3304,"BOUNDLESS NETWORK ",,,1,,2975,143717,,
3305,"Bradley Company",,,1,,2976,144641,,
3306,Brainstorm,,,1,,2977,24460,,
3307,"Brainstorm Creative Group",,,1,,2978,144857,,
3308,"Brand Addition",,,1,,2979,202515,,
3309,"Brand Alliance, Inc.",,,1,,2980,145177,,
3310,"Brand Blvd Inc.",,,1,,2981,145124,,
3311,"Brandeditems ",,,1,,2982,190888,,
3312,"Brand Fuel Promotions",,,1,,2983,145025,,
3313,"Brand Inc. ",,,1,,2984,145212,,
3314,"BRAND IQ",,,1,,2985,145039,,
3315,"Brandit! Corporation",,,1,,2986,145139,,
3316,"Brand Makers",,,1,,2987,14517,,
3317,"BRANDVIA ALLIANCE INC",,,1,,2988,145037,,
3318,"Brattain Merchandise",,,1,,2989,27369,,
3319,"Bright Ideas",,,1,,2990,146026,,
3320,"Bright Ideas in Broad Ripple",,,1,,2991,146060,,
3321,"Broadway Marketing",,,1,,2992,146280,,
3322,"BROWN & BIGELOW",,,1,,2993,148500,,
3323,"Brown & Saenger",,,1,,2994,148195,,
3324,"Brucelli Advertising ",,,1,,2995,148960,,
3325,Bry-Lex,,,1,,2996,149189,,
3326,B-Squared,,,1,,2997,25401,,
3327,"Buffalo Specialties ",,,1,,2998,149870,,
3328,"Bulldog Office Products",,,1,,2999,149896,,
3329,"Bulletin Brands Inc",,,1,,3000,31830,,
3330,"BULLPEN MARKETING ",,,1,,3001,150076,,
3331,"BULTER BUSINESS PRODUCTS ",,,1,,3002,153951,,
3332,"BULTLER BUSINESS PRODUCTS ",,,1,,3003,153951,,
3333,"Business Branders",,,1,,3004,152061,,
3334,"Business Innovations",,,1,,3005,152930,,
3335,"BUTLER BUSINESS PRODUCTS ",,,1,,3006,153951,,
3336,"Callard Company, The",,,1,,3007,155966,,
3337,"Camp David, Inc/Branded Emblem",,,1,,3008,26332,,
3338,"Campus Marketing Specialists",,,1,,3009,156421,,
3339,"Canary Marketing",,,1,,3010,156455,,
3340,"Capital ideas",,,1,,3011,157004,,
3341,"Caprice Productions Inc.",,,1,,3012,157352,,
3342,"Capsco, inc.",,,1,,3013,32686,,
3343,"Captiv8 Inc",,,1,,3014,157364,,
3344,"Carpediem Inc",,,1,,3015,158580,,
3345,"Casad Company",,,1,,3016,18764,,
3346,"Cedric Springs & Associates",,,1,,3017,332750,,
3347,"CEW ADVERTISING",,,1,,3018,154901,,
3348,"CFJ Manufacturing",,,1,,3019,21925,,
3349,"C. Gerard Marketing",,,1,,3020,154450,,
3350,"Chamberlain Marketing Group",,,1,,3021,160501,,
3351,"Charles Products Inc.",,,1,,3022,160849,,
3352,"Chesapeak Bus Forms & Ad Speciality ",,,1,,3023,161467,,
3353,"CHK Enterprises ",,,1,,3024,17166,,
3354,"Classic Forms & Products, Inc.",,,1,,3025,162736,,
3355,"Classic Promotions LLC",,,1,,3026,162815,,
3356,"Clothesline Inc., The",,,1,,3027,21086,,
3357,"Club Colors Buyer, LLC",,,1,,3028,163432,,
3358,"CMS Associates ",,,1,,3029,154912,,
3359,"Coaches Choice",,,1,,3030,163460,,
3360,"Coastal Connections Marketing",,,1,,3031,163580,,
3361,"Cobb & Cobb Promo. Products",,,1,,3032,29227,,
3362,"Colonial Advertising Inc.",,,1,,3033,165040,,
3363,"Colorfully Yours Inc.",,,1,,3034,165251,,
3364,"Color Graphics",,,1,,3035,21045,,
3365,"Color Reflections",,,1,,3036,165189,,
3366,"Common Wealth ",,,1,,3037,21626,,
3367,"Communicorp, Inc",,,1,,3038,166070,,
3368,"Competitive Edge",,,1,,3039,166085,,
3369,"Concepts & Associates",,,1,,3040,166235,,
3370,"Concord Marketing Solutions",,,1,,3041,166445,,
3371,"Conzelman & Associates",,,1,,3042,167809,,
3372,"Cool Air Creations",,,1,,3043,168117,,
3373,"Cooley Group, Inc.",,,1,,3044,168125,,
3374,"Corporate Creations",,,1,,3045,253705,,
3375,"Corporate Exposure",,,1,,3046,168789,,
3376,"Corporate Graffiti, Inc.",,,1,,3047,37808,,
3377,"CORPORATE INCENTIVES ",,,1,,3048,168984,,
3378,"COWGIRL SPECIALTIES  & Promotions",,,1,,3049,169496,,
3379,"Creative Concepts & GiveAGetA",,,1,,3050,23691,,
3380,"Creative Promotional Products",,,1,,3051,170669,,
3381,"Creative Solutions",,,1,,3052,170769,,
3382,"CROSS COUNTRY SPECIALTY ADVERTISING ",,,1,,3053,25429,,
3383,"C & S Sales ",,,1,,3054,155110,,
3384,"Culver Company",,,1,,3055,19403,,
3385,"Custom Images",,,1,,3056,173152,,
3386,Customink.com,,,1,,3057,173408,,
3387,"Custom Logos",,,1,,3058,173183,,
3388,"Custom Logos",,,1,,3059,30166,,
3389,"Custom Source Marketing",,,1,,3060,173235,,
3390,"Custom Specialties, Inc",,,1,,3061,173252,,
3391,"Dakota Awards",,,1,,3062,174193,,
3392,"Dakota Promotions & Printing",,,1,,3063,32022,,
3393,"Dakota Screen Arts Inc",,,1,,3064,174205,,
3394,"Daniels Imprinted Sportswear",,,1,,3065,175150,,
3395,"Daniels Promotional Products",,,1,,3066,175150,,
3396,"DARLING PROMO ",,,1,,3067,297517,,
3397,"DAVIS & STANTON, Inc. ",,,1,,3068,176850,,
3398,"Daytona Sportswear, Inc.",,,1,,3069,30876,,
3399,"DBG PROMOTIONS",,,1,,3070,181297,,
3400,"DBM Specialties",,,1,,3071,173692,,
3401,"DEI ROSSI MARKETING",,,1,,3072,178198,,
3402,"Direct Designs",,,1,,3073,181024,,
3403,"Discount Favors ",,,1,,3074,31380,,
3404,DISCOUNTMUGS.COM,,,1,,3075,27102,,
3405,"DME Delivers",,,1,,3076,36892,,
3406,"Dream Big Promotions",,,1,,3077,32609,,
3407,"Drive Marketing",,,1,,3078,183590,,
3408,Drumwork,,,1,,3079,24911,,
3409,"Duane Svec Promotions",,,1,,3080,183650,,
3410,"Dynamic Advertising Solutions",,,1,,3081,34408,,
3411,"Eagle Promotions",,,1,,3082,19167,,
3412,"Echo ",,,1,,3083,185758,,
3413,"Eco imprints/ Wishbone Creative",,,1,,3084,362466,,
3414,ECompanyStore,,,1,,3085,185782,,
3415,"E Group, Inc.",,,1,,3086,184795,,
3416,"E & J Specialties, Inc",,,1,,3087,184935,,
3417,"Elevate Brand Marketing",,,1,,3088,35812,,
3418,"Elite Promotional",,,1,,3089,172899,,
3419,"ELK Promotions Inc.",,,1,,3090,186310,,
3420,"Embroideme - Phoenix, AZ",,,1,,3091,384167,,
3421,Embroidme,,,1,,3092,24113,,
3422,"EmbroidMe - Phoenix, AZ",,,1,,3093,384167,,
3423,"Emerald Print Management",,,1,,3094,32707,,
3424,"Epicor ",,,1,,3095,24865,,
3425,Epicor,,,1,,3096,24865,,
3426,"ESD & Associates",,,1,,3097,185064,,
3427,"Eskimo Joes Promotional Products",,,1,,3098,189402,,
3428,"ETA - Commerical",,,1,,3099,16948,,
3429,"Eugene Silkscreen, Inc ",,,1,,3100,189925,,
3430,"Event Network, LLC.",,,1,,3101,30078,,
3431,"Evergreen Business Solutions",,,1,,3102,190246,,
3432,"EXCITE PROMOS, INC.",,,1,,3103,232498,,
3433,"EXCLUSIVLEY YOURS INC",,,1,,3104,190830,,
3434,"Express Company",,,1,,3105,190952,,
3435,"Express Printing",,,1,,3106,190966,,
3436,"Express Yourself, Inc.",,,1,,3107,31510,,
3437,"Fantastic Fabrics, Inc.",,,1,,3108,191881,,
3438,"FarFromBoring Promotions",,,1,,3109,192001,,
3439,"Faux Pas Prints, Inc.",,,1,,3110,192555,,
3440,"Financial Supply Center Inc.",,,1,,3111,23334,,
3441,"Fine Promotions Inc",,,1,,3112,194115,,
3442,"Fingerprint Promotions",,,1,,3113,194171,,
3443,Firesign,,,1,,3114,194443,,
3444,"Fire Smart Promotions",,,1,,3115,194530,,
3445,"First Impression Inc #027721",,,1,,3116,194452,,
3446,"Fiveboro Printing, LLC",,,1,,3117,194735,,
3447,"Flat Rate Printing & Promos",,,1,,3118,195043,,
3448,"Flicker Promotions",,,1,,3119,140863,,
3449,"Flow State Marketing Inc.",,,1,,3120,36823,,
3450,FlyWheel,,,1,,3121,212986,,
3451,"Forbes Marketing Group",,,1,,3122,196090,,
3452,"FormSystems, Inc.",,,1,,3123,24969,,
3453,"Forte Promotional Marketing",,,1,,3124,36080,,
3454,"Freedom Promotional Products",,,1,,3125,198274,,
3455,"Fuse Graphics",,,1,,3126,166137,,
3456,"Fusion, LLC",,,1,,3127,199836,,
3457,"FZ NETWORK PROMOTION",,,1,,3128,282421,,
3458,"GACO Inc. dba GACO sourcing",,,1,,3129,200216,,
3459,"GAP Promotions",,,1,,3130,199882,,
3460,"Gator Garb Inc.",,,1,,3131,202667,,
3461,"Geiger ",,,1,,3132,202900,,
3462,"General Commerical Corp",,,1,,3133,203760,,
3463,"Genuity Concepts",,,1,,3134,199861,,
3464,"Genumark Promotional Merch",,,1,,3135,25457,,
3465,"Get Noticed Promotions",,,1,,3136,204945,,
3466,"G & G Outfitters, Inc.",,,1,,3137,24225,,
3467,Gimmees.com,,,1,,3138,326007,,
3468,"Glazer Design LLC",,,1,,3139,208261,,
3469,"GNP Specialties, Inc.",,,1,,3140,200020,,
3470,"Golden Applexx Co., Inc. ",,,1,,3141,31061,,
3471,"Golden Glove Promotions KT",,,1,,3142,209371,,
3472,"Gold-Mark Promotions, LLC",,,1,,3143,209277,,
3473,"Goldner Associates ",,,1,,3144,209800,,
3474,"Goldner Associates - Florida",,,1,,3145,209800,,
3475,"Gonzalez Office Products",,,1,,3146,548086,,
3476,"GoodImprints Motorsports ",,,1,,3147,30458,,
3477,"Go Promotions ",,,1,,3148,211820,,
3478,"Gorilla Marketing",,,1,,3149,212051,,
3479,"Go USA ",,,1,,3150,218882,,
3480,"Grapevine Designs",,,1,,3151,212829,,
3481,"Graphically Speaking",,,1,,3152,31271,,
3482,"GRAPHIC CONNECTION ",,,1,,3153,212854,,
3483,"Graphic Consumer Services",,,1,,3154,212858,,
3484,"Grayling Group LLC",,,1,,3155,213134,,
3485,"GREAT AMERICAN",,,1,,3156,213138,,
3486,"Great Ideas!",,,1,,3157,213155,,
3487,"Green Street Promotions",,,1,,3158,213762,,
3488,"GREENWOOD OFFICE OUTFITTERS ",,,1,,3159,37326,,
3489,"GROGGY DOG",,,1,,3160,215211,,
3490,"Guderian Business Forms",,,1,,3161,32472,,
3491,"Halo Branded Solutions",,,1,,3162,356000,,
3492,"HDS Marketing ",,,1,,3163,353000,,
3493,"Headway Promotional Marketing",,,1,,3164,222430,,
3494,"HEALTH IMPRESSIONS ",,,1,,3165,222437,,
3495,"HEART OF TEXAS ENTERPRISES ",,,1,,3166,222465,,
3496,"Heritage Advertising",,,1,,3167,25830,,
3497,"Heritage,Inc.",,,1,,3168,19894,,
3498,"Heritage Press",,,1,,3169,224605,,
3499,"Hero Solutions, Inc.",,,1,,3170,224682,,
3500,"HF CUSTOMS ",,,1,,3171,35489,,
3501,"HICORP ",,,1,,3172,224885,,
3502,"High Desert Promotions and Printing",,,1,,3173,262415,,
3503,"Hines Products Corp.",,,1,,3174,225300,,
3504,"Hitex Marketing Group",,,1,,3175,20107,,
3505,"Holden Custom Products",,,1,,3176,226065,,
3506,Holeintheroof.com,,,1,,3177,226061,,
3507,"Holsen Inc.",,,1,,3178,226281,,
3508,"HOMER MILLER COMPANY ",,,1,,3179,271800,,
3509,"Horizon Promotional Products",,,1,,3180,261070,,
3510,"HOUSTON PROMOTIONS ",,,1,,3181,228444,,
3511,"Howard Roe Company",,,1,,3182,309700,,
3512,"H S A Enterprises",,,1,,3183,217302,,
3513,"HSA Enterprises",,,1,,3184,217302,,
3514,Hullabaloo,,,1,,3185,229143,,
3515,"Hygrade Business Group",,,1,,3186,268150,,
3516,"IBF Group",,,1,,3187,26630,,
3517,"ICB Marketing Solutions",,,1,,3188,19955,,
3518,"Ice Blue Advertising",,,1,,3189,229390,,
3519,"Ideal Images",,,1,,3190,20010,,
3520,"Ideascope Inc.",,,1,,3191,229520,,
3521,"Ideas Unlimited ",,,1,,3192,229780,,
3522,"Ideas Unlimited",,,1,,3193,229780,,
3523,Idegy,,,1,,3194,229805,,
3524,"Identify Yourself",,,1,,3195,232242,,
3525,"Identity Marketing Group",,,1,,3196,28322,,
3526,"IMAGE IMPACT Inc",,,1,,3197,230080,,
3527,"Image Masters",,,1,,3198,19518,,
3528,"IMAGENATION PROMO'L GROUP, INC.",,,1,,3199,230205,,
3529,ImageNowByMahar,,,1,,3200,23986,,
3530,"Image source",,,1,,3201,230121,,
3531,"Image Source",,,1,,3202,230121,,
3532,"Imagination Branding ",,,1,,3203,230166,,
3533,"Imagination Branding",,,1,,3204,230166,,
3534,"Imagineered Signs & Displays",,,1,,3205,230168,,
3535,"I M Incentives, LLC",,,1,,3206,229374,,
3536,"Impact Dimensions",,,1,,3207,230321,,
3537,"Impact Marketing Services Inc",,,1,,3208,230200,,
3538,"Imperial Expressions ",,,1,,3209,230391,,
3539,Impressions,,,1,,3210,35355,,
3540,"IMPRESSIVE IMAGE WORKS ",,,1,,3211,230788,,
3541,"Impressive Imprints ",,,1,,3212,230512,,
3542,"Impressive Imprints",,,1,,3213,230512,,
3543,"Incentives International Inc.",,,1,,3214,36602,,
3544,Indoff,,,1,,3215,231011,,
3545,"Infinity Promotions",,,1,,3216,29664,,
3546,Inkhead.com,,,1,,3217,231159,,
3547,"Inkwell Global Marketing",,,1,,3218,231120,,
3548,"INM Marketing Group",,,1,,3219,229643,,
3549,"INM MARKETING GROUP ",,,1,,3220,229643,,
3550,"Innerworkings NY ",,,1,,3221,168860,,
3551,"Innerworkings- PA",,,1,,3222,168860,,
3552,"In Record Time Inc.",,,1,,3223,230728,,
3553,"Intandem Promotions",,,1,,3224,231285,,
3554,"InTandem Promotions",,,1,,3225,231285,,
3555,"INTEG ",,,1,,3226,231791,,
3556,"International Promotional Ideas",,,1,,3227,231697,,
3557,IRCustoms,,,1,,3228,34340,,
3558,"IRIS Strategic Marketing Support",,,1,,3229,33878,,
3559,Ironmark,,,1,,3230,169127,,
3560,"Island Advertising",,,1,,3231,232216,,
3561,"Jack Nadel International",,,1,,3232,279600,,
3562,"Janway Co.",,,1,,3233,233578,,
3563,"JCB Specialties, INC",,,1,,3234,232363,,
3564,"JCM Associates LLC",,,1,,3235,234335,,
3565,"JC PROMO LLC",,,1,,3236,37613,,
3566,"Jeckil Promotions",,,1,,3237,234315,,
3567,"JEDCO Sales",,,1,,3238,234325,,
3568,"Jellybean Promotions",,,1,,3239,234394,,
3569,"J. Gardner & Associates, LLC",,,1,,3240,201495,,
3570,"JHRO Wholesale Inc",,,1,,3241,32463,,
3571,"JH Studios, Inc.",,,1,,3242,232465,,
3572,"Joe A. Cummings Adv Spec",,,1,,3243,172400,,
3573,"John Michael Associates, Inc.",,,1,,3244,21295,,
3574,"Johnson Level & Tool",,,1,,3245,20811,,
3575,"Joshua Tree Printing and Design",,,1,,3246,237601,,
3576,"Joy of Advertising",,,1,,3247,237605,,
3577,"J PAUL COMPANY ",,,1,,3248,232286,,
3578,"JR180 Ad Specialties",,,1,,3249,232826,,
3579,"J.R. Bustard Adv",,,1,,3250,153930,,
3580,"J.T. Lovell Co ",,,1,,3251,256200,,
3581,"Junior Davis & Associates ",,,1,,3252,176197,,
3582,"Just B Specialties LLC",,,1,,3253,237902,,
3583,"Kaeser & Blair Inc",,,1,,3254,238600,,
3584,"Kardwell International",,,1,,3255,239077,,
3585,"Kaye Smith",,,1,,3256,239444,,
3586,"KB Graphics, Inc. ",,,1,,3257,238160,,
3587,"K&B Solutions ",,,1,,3258,35382,,
3588,"K.C. ADVERTISING SPEC.",,,1,,3259,238196,,
3589,"KC Promotional",,,1,,3260,33437,,
3590,"KELLEY ADVERTISING CO.",,,1,,3261,240430,,
3591,"KELLEY PROMOTIONS ",,,1,,3262,240696,,
3592,"Keltner Group LLC",,,1,,3263,240725,,
3593,"Kevins Worldwide",,,1,,3264,241850,,
3594,"Keystone Advertising  Spec",,,1,,3265,242433,,
3595,"Keystone Specialties Inc.",,,1,,3266,242353,,
3596,"KMK Distributing, LLC",,,1,,3267,238384,,
3597,"Knock-Out Specialities, Inc.",,,1,,3268,244185,,
3598,"Koala Tee Inc.",,,1,,3269,244435,,
3599,"Kramas ",,,1,,3270,29060,,
3600,"KS Image Solutions, LLC",,,1,,3271,238482,,
3601,"Lacy Brown Specialty",,,1,,3272,35937,,
3602,"LAMONT BRANDS INC",,,1,,3273,228435,,
3603,"Leader Marketing Solutions",,,1,,3274,31498,,
3604,LeaderPromos.com,,,1,,3275,287087,,
3605,"Leading Edge Printing",,,1,,3276,250425,,
3606,"Leap 'n Logos Promo Products",,,1,,3277,29140,,
3607,"Lighthouse Branding & Merch",,,1,,3278,254137,,
3608,"Little Mountain Printing",,,1,,3279,254862,,
3609,"LMK Industries LLC",,,1,,3280,254907,,
3610,"Logo America- now GJC Marketing ",,,1,,3281,30743,,
3611,"LogoBranders, Inc.",,,1,,3282,27234,,
3612,"Logo Depot/ industrial uniform",,,1,,3283,230903,,
3613,"Logo HQ Promotional Product",,,1,,3284,199674,,
3614,"Logo Magic, Inc.",,,1,,3285,37798,,
3615,Logomotion,,,1,,3286,255269,,
3616,"Logonet USA, Inc.",,,1,,3287,31981,,
3617,"Logo Print and Promo-Proforma",,,1,,3288,255247,,
3618,"Logos N Sports",,,1,,3289,255336,,
3619,"LogoStoreUSA, Inc.",,,1,,3290,181390,,
3620,Logostuff.com,,,1,,3291,299697,,
3621,LOGOSURFING.COM,,,1,,3292,246818,,
3622,Logowise,,,1,,3293,36635,,
3623,"Londe Promotions",,,1,,3294,255712,,
3624,"LONESTAR PROMO PRODUCTS ",,,1,,3295,36533,,
3625,LUFA,,,1,,3296,29023,,
3626,"M2 MARKETING & PROMOTIONS",,,1,,3297,25618,,
3627,"Macco Promotions Inc.",,,1,,3298,258400,,
3628,"MacKellar Associates ",,,1,,3299,258917,,
3629,"Mac Mannes Inc.",,,1,,3300,259100,,
3630,"Madden Branded Goods",,,1,,3301,259280,,
3631,"Made to Order",,,1,,3302,259540,,
3632,"Mal-Ad Promotions",,,1,,3303,260010,,
3633,"MARCO MRKTING SOLUTIONS",,,1,,3304,260870,,
3634,"Market USA",,,1,,3305,261599,,
3635,"Marybridget Enterprise, Inc.",,,1,,3306,23956,,
3636,"Mascom Communications",,,1,,3307,269625,,
3637,"MASTERCRAFT ",,,1,,3308,264139,,
3638,"Match Up-Promotions",,,1,,3309,264230,,
3639,"MAVICH BRANDING GROUP",,,1,,3310,35133,,
3640,"MAXX PROMOTIONS",,,1,,3311,30618,,
3641,"MCM Group, Inc.",,,1,,3312,270825,,
3642,"Merrill Communications, LLC",,,1,,3313,268585,,
3643,"Metro Design",,,1,,3314,268918,,
3644,"Midlands Printing & Business",,,1,,3315,36647,,
3645,"Millennium Mktg Solutions",,,1,,3316,271245,,
3646,"MOISANT PROMOTIONAL PRODUCT",,,1,,3317,275276,,
3647,"Mo'Money Associates",,,1,,3318,275350,,
3648,"Monarch Sales Co., Inc.",,,1,,3319,275500,,
3649,"Monarch Sales CO., Inc.",,,1,,3320,275500,,
3650,"Montgomery Promotions LLC",,,1,,3321,275845,,
3651,"MPC Promotions LLC",,,1,,3322,258113,,
3652,"MPG Promotions, LLC",,,1,,3323,258120,,
3653,"MPG Tandem",,,1,,3324,32023,,
3654,MPS,,,1,,3325,258114,,
3655,"MRL Promotions",,,1,,3326,258137,,
3656,"MRP Lawrence Marketing Inc.",,,1,,3327,258142,,
3657,"MSP Design Group",,,1,,3328,515806,,
3658,"Mugs and More",,,1,,3329,277961,,
3659,"Multi Media Promotions",,,1,,3330,27935,,
3660,"MyBrandPromo, Inc.",,,1,,3331,257837,,
3661,"Myron ",,,1,,3332,278980,,
3662,Name,,,1,,3333,account_number,,
3663,"National Bank Products",,,1,,3334,280420,,
3664,"National Design",,,1,,3335,35430,,
3665,"National Imprint Corp",,,1,,3336,280920,,
3666,"National Pen Co",,,1,,3337,281040,,
3667,"Neil Elder & Assoc #007604",,,1,,3338,186500,,
3668,N.E.P.M,,,1,,3339,279381,,
3669,"Nimco, Inc.",,,1,,3340,279058,,
3670,NISC/IGEAR,,,1,,3341,280924,,
3671,"Nolans Promotional Products",,,1,,3342,522402,,
3672,"Norscot Group Inc. ",,,1,,3343,317050,,
3673,"Northpoint Printing Services",,,1,,3344,285317,,
3674,"Nyberg Fletcher & White Inc.",,,1,,3345,286300,,
3675,"O2 Marketing & Design",,,1,,3346,286464,,
3676,"Office Depot",,,1,,3347,36713,,
3677,"OLYMPIA BUSINESS PRODUCTS ",,,1,,3348,26114,,
3678,"Omaha Promos LLC",,,1,,3349,224100,,
3679,"One 2 One Marketing, Inc.",,,1,,3350,287682,,
3680,"One Point",,,1,,3351,548430,,
3681,"One Source Industries Promo.",,,1,,3352,287721,,
3682,"One Stop Advertising",,,1,,3353,287949,,
3683,"On Time Marketing Corp",,,1,,3354,287655,,
3684,"Outfit Your Logo, LLC",,,1,,3355,255254,,
3685,"Pacific Color Graphics",,,1,,3356,24765,,
3686,"Paperclip Promotions ",,,1,,3357,290142,,
3687,"Paper Pack Inc. ",,,1,,3358,311701,,
3688,"Partners N Promotion",,,1,,3359,350153,,
3689,"Partners Promotional Grp, Inc.",,,1,,3360,291352,,
3690,"Payden & Company LLC",,,1,,3361,292044,,
3691,"PDQ Printing of Las Vegas",,,1,,3362,32836,,
3692,"Peak Events, LLC",,,1,,3363,35123,,
3693,"Pegg Products LLC",,,1,,3364,36828,,
3694,"Pepwear, LLC",,,1,,3365,278631,,
3695,"Peregrine Corporation",,,1,,3366,293491,,
3696,"Perfect Promotions LLC",,,1,,3367,293619,,
3697,"Perfect Promotions & More ",,,1,,3368,293554,,
3698,"Perry Office Plus ",,,1,,3369,522444,,
3699,"Peter E. Kleine Company",,,1,,3370,243420,,
3700,"Petrocelli Marketing Group",,,1,,3371,294780,,
3701,"PFM Marketing LLC",,,1,,3372,288811,,
3702,"Pickle Print ",,,1,,3373,31651,,
3703,"Pillsbury Marketing",,,1,,3374,295930,,
3704,"Pinnacle Promotions ",,,1,,3375,28010,,
3705,"Pinnacle Promotions",,,1,,3376,295986,,
3706,Pizazz,,,1,,3377,296298,,
3707,"Polar Graphics USA",,,1,,3378,296750,,
3708,"Porter World Trade Co.",,,1,,3379,297297,,
3709,"Positive Promotions ",,,1,,3380,297370,,
3710,"Positive Promotions",,,1,,3381,297370,,
3711,"PowerLink Promo Prds",,,1,,3382,297668,,
3712,"Premium King",,,1,,3383,19944,,
3713,"Prestige Business Solutions ",,,1,,3384,299235,,
3714,"Presto Promos/ Lopez Promotions",,,1,,3385,229144,,
3715,"Printglobe ",,,1,,3386,26761,,
3716,Printglobe,,,1,,3387,26761,,
3717,"Print Mark-et",,,1,,3388,35842,,
3718,"Private I Print Promotions # 29074",,,1,,3389,29074,,
3719,"Probitas Promotions",,,1,,3390,36010,,
3720,"ProCorp Images, Inc.",,,1,,3391,299697,,
3721,"Production Creek Specialty",,,1,,3392,299743,,
3722,"Proforma 100",,,1,,3393,359189,,
3723,Proforma,,,1,,3394,300094,,
3724,"Proforma Business Reources",,,1,,3395,19934,,
3725,"Proforma Communications Group",,,1,,3396,26959,,
3726,"Proforma Creative Printing Solutions",,,1,,3397,25287,,
3727,"Proforma custom Promotions ",,,1,,3398,28842,,
3728,"Proforma Extraordinary Promotions ",,,1,,3399,32517,,
3729,"Proforma Graphic & Promo Sol",,,1,,3400,24845,,
3730,"Proforma Impact Print & Promo",,,1,,3401,34415,,
3731,"Proforma MyCo Print Solutions ",,,1,,3402,25346,,
3732,"Proforma Printhouse ",,,1,,3403,33928,,
3733,"Proforma TACABU ",,,1,,3404,31591,,
3734,"Proforma TACABU",,,1,,3405,31591,,
3735,"Proforma Web & Print Solutions",,,1,,3406,33382,,
3736,"Progressive Gifts & Incentives",,,1,,3407,300333,,
3737,"Progressive Promotions",,,1,,3408,300237,,
3738,"Promocentric, Inc",,,1,,3409,300644,,
3739,"PROMO DEPOT ",,,1,,3410,300408,,
3740,"Promo Direct",,,1,,3411,301093,,
3741,"Promo Factory LLC",,,1,,3412,33297,,
3742,"Promo Graphics, Inc",,,1,,3413,30558,,
3743,"Promo Logic, LLC",,,1,,3414,26150,,
3744,"Promo Masters ",,,1,,3415,26074,,
3745,"Promo Masters",,,1,,3416,26074,,
3746,Promopeddler.com,,,1,,3417,24933,,
3747,"Promoshak LLC",,,1,,3418,37387,,
3748,"Promo Shop",,,1,,3419,300446,,
3749,"Promotional Alliance Inc. ",,,1,,3420,300728,,
3750,"Promotional Concepts",,,1,,3421,300754,,
3751,"Promotional Considerations",,,1,,3422,300810,,
3752,"Promotional Creations",,,1,,3423,300763,,
3753,"Promotional Designs",,,1,,3424,300762,,
3754,"Promotional Images",,,1,,3425,300872,,
3755,"Promotional Impact",,,1,,3426,300878,,
3756,"Promotional Items and Apparel ",,,1,,3427,36891,,
3757,"Promotional Items Direct",,,1,,3428,279393,,
3758,"Promotional Marketing Inc.",,,1,,3429,301008,,
3759,"Promotional Solutions",,,1,,3430,303899,,
3760,"Promotion Concepts Inc",,,1,,3431,300545,,
3761,"Promotion Perfection Halo",,,1,,3432,356000,,
3762,"Promotion Products Marketing",,,1,,3433,300605,,
3763,"Promotions Direct, Inc.",,,1,,3434,301228,,
3764,"Promotions Now",,,1,,3435,125050,,
3765,"Promotions Pronto ",,,1,,3436,301257,,
3766,"Promotions Unlimited",,,1,,3437,27482,,
3767,"PromoVentures, Inc.",,,1,,3438,301443,,
3768,"Pro Specialties Group Inc. ",,,1,,3439,299725,,
3769,"PSA Worldwide ",,,1,,3440,289040,,
3770,"PSA Worldwide",,,1,,3441,289040,,
3771,"PS Promotions",,,1,,3442,27616,,
3772,"PSP Unlimted ",,,1,,3443,289153,,
3773,PublicIdentity,,,1,,3444,301878,,
3774,"Quality Concepts, Inc. ",,,1,,3445,302916,,
3775,"Quality Logo Products, Inc.",,,1,,3446,302967,,
3776,"Quality Resource Group, INC.",,,1,,3447,303015,,
3777,"RAINDANCE MEDIA SOLUTIONS ",,,1,,3448,304510,,
3778,"Razz-M-Tazz Promotions",,,1,,3449,304960,,
3779,"RDJ Specialties, Inc.",,,1,,3450,303361,,
3780,"RDP CREATIVE, INC",,,1,,3451,304992,,
3781,"Redman I Am",,,1,,3452,35766,,
3782,"Red Oak Branded Advertising",,,1,,3453,305635,,
3783,"Red Promotions",,,1,,3454,590025,,
3784,"Regal Promotional Solutions",,,1,,3455,306065,,
3785,"REGENCY OFFICE PRODUCTS",,,1,,3456,306196,,
3786,"Reliable Sales",,,1,,3457,26118,,
3787,"REMLINE CORP",,,1,,3458,307030,,
3788,"Renaissance Promotions",,,1,,3459,307074,,
3789,"Resource LLC",,,1,,3460,307457,,
3790,"Rewarding Events & Incentives",,,1,,3461,307658,,
3791,"Riptide Promotions",,,1,,3462,31893,,
3792,"Robyn Promotions & Printing",,,1,,3463,309656,,
3793,"RR Donnelley and Sons",,,1,,3464,509748,,
3794,Rushimprint,,,1,,3465,162968,,
3795,"Rushking Promotions",,,1,,3466,315085,,
3796,"Russell - Hampton Co",,,1,,3467,315150,,
3797,"Sampson Miller Advertising Inc.",,,1,,3468,317770,,
3798,"Santa Fe Sports & Images",,,1,,3469,318817,,
3799,"SayNoMore! Promotions Inc",,,1,,3470,319787,,
3800,"SBS Promo",,,1,,3471,333600,,
3801,"Scarborough Specialties ",,,1,,3472,319940,,
3802,"Scarsborough Specialties",,,1,,3473,319940,,
3803,"S.C.G & Assoc.",,,1,,3474,315978,,
3804,"Schwartz, Steve Associates",,,1,,3475,321330,,
3805,"SCM Promos ",,,1,,3476,33462,,
3806,"Scott Advertising Specialists",,,1,,3477,321580,,
3807,"Scott Berry Promotions a div. of Halo Branding Solutions",,,1,,3478,218450,,
3808,"Screen Images Inc",,,1,,3479,20520,,
3809,"Seaboard Graphic Services",,,1,,3480,24635,,
3810,"Second Story Promotions",,,1,,3481,30965,,
3811,"Sela Promotions ",,,1,,3482,36826,,
3812,"Select Design",,,1,,3483,322791,,
3813,"Shads Advertising Co., Inc.",,,1,,3484,324150,,
3814,"Shirt Graphix",,,1,,3485,325857,,
3815,"Show your Logo ",,,1,,3486,326179,,
3816,SIGNET,,,1,,3487,326636,,
3817,SignIt,,,1,,3488,326849,,
3818,"Skylight-Creative Ideas",,,1,,3489,328460,,
3819,"Smith Dryden, LLC",,,1,,3490,329115,,
3820,"Smith & Margol, Inc.",,,1,,3491,328945,,
3821,"SNAP Marketing Proforma ",,,1,,3492,29260,,
3822,"SoHo Creative",,,1,,3493,37425,,
3823,"Solutions, Etc.",,,1,,3494,24928,,
3824,"Sonic Promos",,,1,,3495,329865,,
3825,"Sons Advertising Spec.",,,1,,3496,116150,,
3826,"Soul Swag",,,1,,3497,590282,,
3827,Source4,,,1,,3498,32918,,
3828,"Source 4 Int. Busn & Mktg Sol.",,,1,,3499,181850,,
3829,"Southern Sales & Marketing",,,1,,3500,330513,,
3830,"South Paw Canada",,,1,,3501,34193,,
3831,"Southwick Specialty Adv. Co.",,,1,,3502,330940,,
3832,"Spartan Promotional Group",,,1,,3503,331150,,
3833,"Specially For You",,,1,,3504,331377,,
3834,"Specialties, Inc.",,,1,,3505,331340,,
3835,"Specialties Plus of NC",,,1,,3506,331384,,
3836,"Specialty Business Items",,,1,,3507,19199,,
3837,"Spectrum Promotional Prod.",,,1,,3508,332173,,
3838,"Spike's Trophies",,,1,,3509,332191,,
3839,"SP Richards",,,1,,3510,34076,,
3840,"Square One Promotional Prds",,,1,,3511,332912,,
3841,"S & S Promotional Group Inc.",,,1,,3512,316120,,
3842,"Stackable Sensations, LLC",,,1,,3513,332999,,
3843,"Standard Register",,,1,,3514,333647,,
3844,"St. Andrews Products Co",,,1,,3515,316340,,
3845,"Staples ",,,1,,3516,120601,,
3846,Staples,,,1,,3517,120601,,
3847,"Starlight Advertising",,,1,,3518,334995,,
3848,"Steamboat Marketing Inc.",,,1,,3519,33518,,
3849,"Stec's Advertising Spec.",,,1,,3520,335450,,
3850,"Stellar Designs",,,1,,3521,33970,,
3851,"S & T Enterprises",,,1,,3522,25269,,
3852,"Stephen Gould Corporation",,,1,,3523,212272,,
3853,"Stephens, Bob & Assoc",,,1,,3524,336200,,
3854,"Stevick Business Forms",,,1,,3525,336577,,
3855,"Stevick Business Specialties & Adv",,,1,,3526,336577,,
3856,"Stran Promotional Solutions",,,1,,3527,337725,,
3857,"Strategic Factory",,,1,,3528,35477,,
3858,"Strategic KC",,,1,,3529,307644,,
3859,"Strategic Promotions",,,1,,3530,337922,,
3860,"Strategies, LTD.",,,1,,3531,337875,,
3861,"Straub Marketing",,,1,,3532,288656,,
3862,Successories,,,1,,3533,128242,,
3863,"Summit Group",,,1,,3534,339116,,
3864,"SunCoast Print and Promotions",,,1,,3535,339257,,
3865,"Sundance Office Supply",,,1,,3536,548556,,
3866,"Suttle, Inc ",,,1,,3537,21250,,
3867,"Swagalicious Promos, LLC",,,1,,3538,340487,,
3868,Swagdog,,,1,,3539,340307,,
3869,"Swervepoint, LLC",,,1,,3540,340679,,
3870,"Sylvan Enterprises",,,1,,3541,340862,,
3871,"Tangerine Promotions ",,,1,,3542,341609,,
3872,"Target Marketing Inc.",,,1,,3543,341691,,
3873,"Target Marketing Inc.",,,1,,3544,341741,,
3874,"Taylor Communications",,,1,,3545,333647,,
3875,Taymark/Andersons,,,1,,3546,342382,,
3876,"TC Outfitters",,,1,,3547,36251,,
3877,"T.D. Mills Promotional Product",,,1,,3548,272650,,
3878,"Team Promotions",,,1,,3549,342465,,
3879,Techno-Marketing,,,1,,3550,181575,,
3880,"TEJAS OFFICE PRODUCTS ",,,1,,3551,185126,,
3881,"The Adwood Company Inc.",,,1,,3552,114863,,
3882,"The Adwood Company Inc",,,1,,3553,114863,,
3883,"The Barr Group",,,1,,3554,132970,,
3884,"The Brand Wagon",,,1,,3555,32006,,
3885,"The Corporate Shop",,,1,,3556,169059,,
3886,"The Dunstan Group LLC",,,1,,3557,32314,,
3887,"The Executive Advertising",,,1,,3558,343547,,
3888,"THE FINER THINGS ",,,1,,3559,194088,,
3889,"THE FINER THINGS",,,1,,3560,194088,,
3890,"The Hanigan Company",,,1,,3561,28995,,
3891,"The Hunt Group",,,1,,3562,27656,,
3892,"The Ice Box",,,1,,3563,229395,,
3893,"The Imprint Source",,,1,,3564,28540,,
3894,"The Kinetic Group",,,1,,3565,242452,,
3895,"The Manko Company",,,1,,3566,253743,,
3896,"The Morgan Company ",,,1,,3567,276346,,
3897,"The New Millenium",,,1,,3568,283145,,
3898,"The Notable Corporation",,,1,,3569,285435,,
3899,"The Paper People",,,1,,3570,290067,,
3900,"The Prestigious Mark",,,1,,3571,299267,,
3901,"The Printer Lion",,,1,,3572,299504,,
3902,"The Promotions Dept.",,,1,,3573,301221,,
3903,"The Quantum Group ",,,1,,3574,303053,,
3904,"The Weeks Lerman Group",,,1,,3575,252250,,
3905,"Think Tank Studio ",,,1,,3576,320771,,
3906,"This Promo Works, LLC",,,1,,3577,30739,,
3907,"Three Rivers Specialty Co.",,,1,,3578,344500,,
3908,Thumbprint,,,1,,3579,27988,,
3909,"TIC TOC ",,,1,,3580,158990,,
3910,"Tidewater Incentives Group",,,1,,3581,344565,,
3911,"TNT Ad Specialties",,,1,,3582,34275,,
3912,"Tom & Carol Specialties",,,1,,3583,345226,,
3913,"Tools of Marketing",,,1,,3584,345333,,
3914,"Top 2 Bottom Marketing",,,1,,3585,31382,,
3915,"TOP HOTEL SUPPLY, Inc",,,1,,3586,26373,,
3916,"TOTAL LABEL & GRAPHICS",,,1,,3587,345574,,
3917,"Total Marketing, LLC",,,1,,3588,33557,,
3918,"Tray Inc.",,,1,,3589,346315,,
3919,"Trend It Branding",,,1,,3590,35717,,
3920,"Tri Made Marketing",,,1,,3591,346983,,
3921,"Tri-State distributing Co",,,1,,3592,347400,,
3922,"Tri-State Distributing Co.",,,1,,3593,347400,,
3923,"TR Marketing",,,1,,3594,341267,,
3924,"Trojan Promotions",,,1,,3595,281985,,
3925,"T S C, Inc.",,,1,,3596,341203,,
3926,"T-shirts Etc.",,,1,,3597,25472,,
3927,"TSI Associates, INC",,,1,,3598,341221,,
3928,"T S & J Inc  ",,,1,,3599,341208,,
3929,"T & T Inc.",,,1,,3600,341291,,
3930,"Tugboat, Inc.",,,1,,3601,174105,,
3931,"Turbo Threads # 025635",,,1,,3602,347763,,
3932,Underabuck.com,,,1,,3603,347958,,
3933,"Unified Promo Group",,,1,,3604,36704,,
3934,"Union Resource Marketing",,,1,,3605,348329,,
3935,"UNIQUE CRAFTERS COMPANY",,,1,,3606,23416,,
3936,"UNIQUE MARKETING TOOLS, LLC",,,1,,3607,31224,,
3937,"United Print Group, Inc.",,,1,,3608,348665,,
3938,"Universal Athletic",,,1,,3609,36771,,
3939,"Universal Athletic ND",,,1,,3610,36771,,
3940,"Universal Group",,,1,,3611,29761,,
3941,"Uppercut Promotion",,,1,,3612,350049,,
3942,"U.S. Allegiance Inc.",,,1,,3613,348010,,
3943,"USA Marketing, LLC",,,1,,3614,348002,,
3944,"Ussery Printing",,,1,,3615,33852,,
3945,"UTAH CORRECTIONAL INDUSTRIES",,,1,,3616,32382,,
3946,"Vanguard Direct",,,1,,3617,350665,,
3947,"Vanguard Direct/ PA DIV",,,1,,3618,25637,,
3948,"Varsity Marketing",,,1,,3619,36787,,
3949,"Velocity Print Solutions",,,1,,3620,152295,,
3950,"VENDO DIRECT",,,1,,3621,27922,,
3951,"Vernon Sales Promotions",,,1,,3622,351700,,
3952,"VGVisuals ",,,1,,3623,28362,,
3953,"Victor Advertising Service",,,1,,3624,352000,,
3954,"Viking Screen Prints",,,1,,3625,352076,,
3955,"Village Print Shoppe",,,1,,3626,36054,,
3956,"Visual Images",,,1,,3627,352531,,
3957,"V.N. Products, Inc.",,,1,,3628,19827,,
3958,"Walker Advertising Inc.",,,1,,3629,354440,,
3959,"Walker/Clay, Inc.",,,1,,3630,354530,,
3960,"Walker Companies ",,,1,,3631,354596,,
3961,"Ward Promotional Marketing",,,1,,3632,355430,,
3962,"Warmus Enterprises",,,1,,3633,26835,,
3963,"W.B. Mason",,,1,,3634,353194,,
3964,"Webb/Mason Inc.",,,1,,3635,356166,,
3965,"Western Associates",,,1,,3636,358500,,
3966,"Whats Happeneing Promotions ",,,1,,3637,359209,,
3967,"Wild Impact Marketing",,,1,,3638,360200,,
3968,"WILLIAMS & ASSOCIATES, LTD.",,,1,,3639,23911,,
3969,"Winbrook Hingham",,,1,,3640,361595,,
3970,"Wizard Creations, Inc.",,,1,,3641,30510,,
3971,Workflowone,,,1,,3642,333647,,
3972,WorkFlowOne,,,1,,3643,333647,,
3973,"Worth Higgins & Associates Inc",,,1,,3644,363812,,
3974,"Yac Industries",,,1,,3645,18602,,
3975,"Y-Not Design & Mfg",,,1,,3646,364744,,
3976,"You Name It Specialties",,,1,,3647,365123,,
3977,"Zackback, Inc",,,1,,3648,18577,,
3978,Zagwear,,,1,,3649,365552,,
3979,"Zebra Marketing, Inc",,,1,,3650,365683,,
3980,"Zia Graphics #009045",,,1,,3651,365537,,
3981,"Zia Graphics ",,,1,,3652,365537,,
3982,"Zia Promotional Products",,,1,,3653,31138,,
3983,"Zuna Corporation",,,1,,3654,366150,,
