Name,account_number
1st Coast Printing,37821
1st Impressions Screen,194554
2020 Brand Solutions,170720
2 Oceans Promotions,347908
3 Point Brand Management,344477
413 Strengthgear ,196961
4 All Promos / K-Read,196920
4 DESIGN,100033
4Imprint.com,282150
5 Star Promo,194729
A2Z Promo Zone,37322
Abante Marketing,101847
Abbott Communications Group,524702
Absolutely Postively Promos,102545
"Accolades, Inc.",102910
Achievement Gallery,18844
Action Bag Company,104636
Ad Cafe,114433
Adcentives West ,105710
Adcentives West,105710
Added Incentives,106725
Added Incentives Inc.,32876
Adform Advertising,104977
AD Mechanics LLC.,37415
"Ad Options, Inc.",105213
"AD-SPECIALTIES & MORE, LTD.",113357
"Adstar, Inc. ",108390
"Ad-Star Sales, Inc.",108397
AdStuff Promotional Products,34129
Ad Ventures Promotional Products,105312
ADVERTISING ANYTHING ,109959
Advertising Experts,24156
Advertising Ideas  ,111325
Advertising Plus,111774
Advertising Premium & Incentive API,147450
Advertising Promotional Spec.,112150
Advertising Specialty Services,114343
"Advg. Specs. Of Maine, The",112775
Adwood Company,114863
AIA CORPORATION DBA/MY CORPORATE EXPRESSIONS ,109480
Albrecht & Co. ,116308
Albrecht & Co.,116308
"Alison Group, The",116995
Allegra Marketing,372045
"Allegra Marketing, Print & Web",372010
Allen & Goel Marketing Co.,29573
Alliance Graphics,117905
Alliance Packaging Group Inc.,33772
All Purpose Advertising ,117104
ALL SEASONS PROMOTIONS ,117108
All Seasons Sport About,30650
Allsorts Promotional Products ,25961
All Types Advertising,118980
All-Ways Advertising Company,117230
AL-Lynn Sales,35330
Alpek International,28399
Amazing U Promotions,35661
Ambassador Awards &,119404
American Ad Specialties,119632
AMERICAN MARKETING PROMOTIONS,36799
American Solutions for Bus,120075
Amplifii,338337
Amsterdam Printing,121500
Andrew's Business Services ,122091
"Andrie, George & Associates",122110
"Angela Conrad, Inc.",122160
"Anitaâ€™s Marketing Concepts, Inc.",122215
Anypromo Corp,117065
Anything Imprints,122651
AP Branded Solutions,125341
Apex Advertising,122736
Apex Advertising Inc.,122737
A Plus Marketing,25664
ARC PROMOTIONAL DESIGN ,21968
Artco Promotional Products,124970
ArtCo Promotional Products,124970
Artcraft Ad Specialties Co.,124976
Art F/X Screenprinting & Embroidery,124987
Artina Promotional Products,125290
Artistic Imprints College Lane,125346
Artist Touch,125303
Ascentives,233950
"Association Services, Inc.",33395
Ataly Graphics,126446
A Turtle Loves Me ,29446
AUS-TEX PRINTING & MAILING ,18448
AUSTIN SPECIALTY ADVERTISING,127592
AUTHENTIC PROMOTIONS.COM,127621
Awards By Walsh's,18254
Awesome Advertising,31145
Axis Promotions & Events,128263
Bagley Idea Pros,129900
"Balady Promotions, INC.",130801
Bamko Inc. ,131431
Banana Promotions,352522
BARKER SPECIALTY ADVERTISING,132690
"BAT CITY, Inc.",133778
Baudville Inc,133950
BC Graphics,128880
Beehive Specialty,135780
Bella Signs & Designs Inc.,136238
Ben S. Loeb Inc,255220
Bergman Incentives,137884
Bergman Incentives,137955
Bernard's Custom Logo,24815
Best Impressions,138500
Big Dog Promo ,590143
BIGGERFISH ,140070
Big Promo Marketing ,37404
BIG STAR BRANDING ,191009
"Bill Powell Advertising, Inc.",297532
BKG Media and Promotions,34545
"Black Duck, Inc.",140730
Blink Marketing,141424
Blue Dog Merch,26555
BlueFish Promotional Marketing,34495
BLUE GRASS ADV SPEC,141760
Blue Rose Promotions,141910
Blue Soda Promo ,288473
"BMP Partners, Inc.",129449
BND Corp,129474
BOB LILLY PROFESSIONAL PROMOTIONS ,254138
Bonus Marketing Inc,142835
Booker Promotions,142800
"Boosters, Inc. ",143000
Boost Promotional Branding,282470
BOSS PROMO & PRINT ,32801
BOUNDLESS NETWORK ,143717
Bradley Company,144641
Brainstorm,24460
Brainstorm Creative Group,144857
Brand Addition,202515
"Brand Alliance, Inc.",145177
Brand Blvd Inc.,145124
Brandeditems ,190888
Brand Fuel Promotions,145025
Brand Inc. ,145212
BRAND IQ,145039
Brandit! Corporation,145139
Brand Makers,14517
BRANDVIA ALLIANCE INC,145037
Brattain Merchandise,27369
Bright Ideas,146026
Bright Ideas in Broad Ripple,146060
Broadway Marketing,146280
BROWN & BIGELOW,148500
Brown & Saenger,148195
Brucelli Advertising ,148960
Bry-Lex,149189
B-Squared,25401
Buffalo Specialties ,149870
Bulldog Office Products,149896
Bulletin Brands Inc,31830
BULLPEN MARKETING ,150076
BULTER BUSINESS PRODUCTS ,153951
BULTLER BUSINESS PRODUCTS ,153951
Business Branders,152061
Business Innovations,152930
BUTLER BUSINESS PRODUCTS ,153951
"Callard Company, The",155966
"Camp David, Inc/Branded Emblem",26332
Campus Marketing Specialists,156421
Canary Marketing,156455
Capital ideas,157004
Caprice Productions Inc.,157352
"Capsco, inc.",32686
Captiv8 Inc,157364
Carpediem Inc,158580
Casad Company,18764
Cedric Springs & Associates,332750
CEW ADVERTISING,154901
CFJ Manufacturing,21925
C. Gerard Marketing,154450
Chamberlain Marketing Group,160501
Charles Products Inc.,160849
Chesapeak Bus Forms & Ad Speciality ,161467
CHK Enterprises ,17166
"Classic Forms & Products, Inc.",162736
Classic Promotions LLC,162815
"Clothesline Inc., The",21086
"Club Colors Buyer, LLC",163432
CMS Associates ,154912
Coaches Choice,163460
Coastal Connections Marketing,163580
Cobb & Cobb Promo. Products,29227
Colonial Advertising Inc.,165040
Colorfully Yours Inc.,165251
Color Graphics,21045
Color Reflections,165189
Common Wealth ,21626
"Communicorp, Inc",166070
Competitive Edge,166085
Concepts & Associates,166235
Concord Marketing Solutions,166445
Conzelman & Associates,167809
Cool Air Creations,168117
"Cooley Group, Inc.",168125
Corporate Creations,253705
Corporate Exposure,168789
"Corporate Graffiti, Inc.",37808
CORPORATE INCENTIVES ,168984
COWGIRL SPECIALTIES  & Promotions,169496
Creative Concepts & GiveAGetA,23691
Creative Promotional Products,170669
Creative Solutions,170769
CROSS COUNTRY SPECIALTY ADVERTISING ,25429
C & S Sales ,155110
Culver Company,19403
Custom Images,173152
Customink.com,173408
Custom Logos,173183
Custom Logos,30166
Custom Source Marketing,173235
"Custom Specialties, Inc",173252
Dakota Awards,174193
Dakota Promotions & Printing,32022
Dakota Screen Arts Inc,174205
Daniels Imprinted Sportswear,175150
Daniels Promotional Products,175150
DARLING PROMO ,297517
"DAVIS & STANTON, Inc. ",176850
"Daytona Sportswear, Inc.",30876
DBG PROMOTIONS,181297
DBM Specialties,173692
DEI ROSSI MARKETING,178198
Direct Designs,181024
Discount Favors ,31380
DISCOUNTMUGS.COM,27102
DME Delivers,36892
Dream Big Promotions,32609
Drive Marketing,183590
Drumwork,24911
Duane Svec Promotions,183650
Dynamic Advertising Solutions,34408
Eagle Promotions,19167
Echo ,185758
Eco imprints/ Wishbone Creative,362466
ECompanyStore,185782
"E Group, Inc.",184795
"E & J Specialties, Inc",184935
Elevate Brand Marketing,35812
Elite Promotional,172899
ELK Promotions Inc.,186310
"Embroideme - Phoenix, AZ",384167
Embroidme,24113
"EmbroidMe - Phoenix, AZ",384167
Emerald Print Management,32707
Epicor ,24865
Epicor,24865
ESD & Associates,185064
Eskimo Joes Promotional Products,189402
ETA - Commerical,16948
"Eugene Silkscreen, Inc ",189925
"Event Network, LLC.",30078
Evergreen Business Solutions,190246
"EXCITE PROMOS, INC.",232498
EXCLUSIVLEY YOURS INC,190830
Express Company,190952
Express Printing,190966
"Express Yourself, Inc.",31510
"Fantastic Fabrics, Inc.",191881
FarFromBoring Promotions,192001
"Faux Pas Prints, Inc.",192555
Financial Supply Center Inc.,23334
Fine Promotions Inc,194115
Fingerprint Promotions,194171
Firesign,194443
Fire Smart Promotions,194530
First Impression Inc #027721,194452
"Fiveboro Printing, LLC",194735
Flat Rate Printing & Promos,195043
Flicker Promotions,140863
Flow State Marketing Inc.,36823
FlyWheel,212986
Forbes Marketing Group,196090
"FormSystems, Inc.",24969
Forte Promotional Marketing,36080
Freedom Promotional Products,198274
Fuse Graphics,166137
"Fusion, LLC",199836
FZ NETWORK PROMOTION,282421
GACO Inc. dba GACO sourcing,200216
GAP Promotions,199882
Gator Garb Inc.,202667
Geiger ,202900
General Commerical Corp,203760
Genuity Concepts,199861
Genumark Promotional Merch,25457
Get Noticed Promotions,204945
"G & G Outfitters, Inc.",24225
Gimmees.com,326007
Glazer Design LLC,208261
"GNP Specialties, Inc.",200020
"Golden Applexx Co., Inc. ",31061
Golden Glove Promotions KT,209371
"Gold-Mark Promotions, LLC",209277
Goldner Associates ,209800
Goldner Associates - Florida,209800
Gonzalez Office Products,548086
GoodImprints Motorsports ,30458
Go Promotions ,211820
Gorilla Marketing,212051
Go USA ,218882
Grapevine Designs,212829
Graphically Speaking,31271
GRAPHIC CONNECTION ,212854
Graphic Consumer Services,212858
Grayling Group LLC,213134
GREAT AMERICAN,213138
Great Ideas!,213155
Green Street Promotions,213762
GREENWOOD OFFICE OUTFITTERS ,37326
GROGGY DOG,215211
Guderian Business Forms,32472
Halo Branded Solutions,356000
HDS Marketing ,353000
Headway Promotional Marketing,222430
HEALTH IMPRESSIONS ,222437
HEART OF TEXAS ENTERPRISES ,222465
Heritage Advertising,25830
"Heritage,Inc.",19894
Heritage Press,224605
"Hero Solutions, Inc.",224682
HF CUSTOMS ,35489
HICORP ,224885
High Desert Promotions and Printing,262415
Hines Products Corp.,225300
Hitex Marketing Group,20107
Holden Custom Products,226065
Holeintheroof.com,226061
Holsen Inc.,226281
HOMER MILLER COMPANY ,271800
Horizon Promotional Products,261070
HOUSTON PROMOTIONS ,228444
Howard Roe Company,309700
H S A Enterprises,217302
HSA Enterprises,217302
Hullabaloo,229143
Hygrade Business Group,268150
IBF Group,26630
ICB Marketing Solutions,19955
Ice Blue Advertising,229390
Ideal Images,20010
Ideascope Inc.,229520
Ideas Unlimited ,229780
Ideas Unlimited,229780
Idegy,229805
Identify Yourself,232242
Identity Marketing Group,28322
IMAGE IMPACT Inc,230080
Image Masters,19518
"IMAGENATION PROMO'L GROUP, INC.",230205
ImageNowByMahar,23986
Image source,230121
Image Source,230121
Imagination Branding ,230166
Imagination Branding,230166
Imagineered Signs & Displays,230168
"I M Incentives, LLC",229374
Impact Dimensions,230321
Impact Marketing Services Inc,230200
Imperial Expressions ,230391
Impressions,35355
IMPRESSIVE IMAGE WORKS ,230788
Impressive Imprints ,230512
Impressive Imprints,230512
Incentives International Inc.,36602
Indoff,231011
Infinity Promotions,29664
Inkhead.com,231159
Inkwell Global Marketing,231120
INM Marketing Group,229643
INM MARKETING GROUP ,229643
Innerworkings NY ,168860
Innerworkings- PA,168860
In Record Time Inc.,230728
Intandem Promotions,231285
InTandem Promotions,231285
INTEG ,231791
International Promotional Ideas,231697
IRCustoms,34340
IRIS Strategic Marketing Support,33878
Ironmark,169127
Island Advertising,232216
Jack Nadel International,279600
Janway Co.,233578
"JCB Specialties, INC",232363
JCM Associates LLC,234335
JC PROMO LLC,37613
Jeckil Promotions,234315
JEDCO Sales,234325
Jellybean Promotions,234394
"J. Gardner & Associates, LLC",201495
JHRO Wholesale Inc,32463
"JH Studios, Inc.",232465
Joe A. Cummings Adv Spec,172400
"John Michael Associates, Inc.",21295
Johnson Level & Tool,20811
Joshua Tree Printing and Design,237601
Joy of Advertising,237605
J PAUL COMPANY ,232286
JR180 Ad Specialties,232826
J.R. Bustard Adv,153930
J.T. Lovell Co ,256200
Junior Davis & Associates ,176197
Just B Specialties LLC,237902
Kaeser & Blair Inc,238600
Kardwell International,239077
Kaye Smith,239444
"KB Graphics, Inc. ",238160
K&B Solutions ,35382
K.C. ADVERTISING SPEC.,238196
KC Promotional,33437
KELLEY ADVERTISING CO.,240430
KELLEY PROMOTIONS ,240696
Keltner Group LLC,240725
Kevins Worldwide,241850
Keystone Advertising  Spec,242433
Keystone Specialties Inc.,242353
"KMK Distributing, LLC",238384
"Knock-Out Specialities, Inc.",244185
Koala Tee Inc.,244435
Kramas ,29060
"KS Image Solutions, LLC",238482
Lacy Brown Specialty,35937
LAMONT BRANDS INC,228435
Leader Marketing Solutions,31498
LeaderPromos.com,287087
Leading Edge Printing,250425
Leap 'n Logos Promo Products,29140
Lighthouse Branding & Merch,254137
Little Mountain Printing,254862
LMK Industries LLC,254907
Logo America- now GJC Marketing ,30743
"LogoBranders, Inc.",27234
Logo Depot/ industrial uniform,230903
Logo HQ Promotional Product,199674
"Logo Magic, Inc.",37798
Logomotion,255269
"Logonet USA, Inc.",31981
Logo Print and Promo-Proforma,255247
Logos N Sports,255336
"LogoStoreUSA, Inc.",181390
Logostuff.com,299697
LOGOSURFING.COM,246818
Logowise,36635
Londe Promotions,255712
LONESTAR PROMO PRODUCTS ,36533
LUFA,29023
M2 MARKETING & PROMOTIONS,25618
Macco Promotions Inc.,258400
MacKellar Associates ,258917
Mac Mannes Inc.,259100
Madden Branded Goods,259280
Made to Order,259540
Mal-Ad Promotions,260010
MARCO MRKTING SOLUTIONS,260870
Market USA,261599
"Marybridget Enterprise, Inc.",23956
Mascom Communications,269625
MASTERCRAFT ,264139
Match Up-Promotions,264230
MAVICH BRANDING GROUP,35133
MAXX PROMOTIONS,30618
"MCM Group, Inc.",270825
"Merrill Communications, LLC",268585
Metro Design,268918
Midlands Printing & Business,36647
Millennium Mktg Solutions,271245
MOISANT PROMOTIONAL PRODUCT,275276
Mo'Money Associates,275350
"Monarch Sales Co., Inc.",275500
"Monarch Sales CO., Inc.",275500
Montgomery Promotions LLC,275845
MPC Promotions LLC,258113
"MPG Promotions, LLC",258120
MPG Tandem,32023
MPS,258114
MRL Promotions,258137
MRP Lawrence Marketing Inc.,258142
MSP Design Group,515806
Mugs and More,277961
Multi Media Promotions,27935
"MyBrandPromo, Inc.",257837
Myron ,278980
Name,account_number
National Bank Products,280420
National Design,35430
National Imprint Corp,280920
National Pen Co,281040
Neil Elder & Assoc #007604,186500
N.E.P.M,279381
"Nimco, Inc.",279058
NISC/IGEAR,280924
Nolans Promotional Products,522402
Norscot Group Inc. ,317050
Northpoint Printing Services,285317
Nyberg Fletcher & White Inc.,286300
O2 Marketing & Design,286464
Office Depot,36713
OLYMPIA BUSINESS PRODUCTS ,26114
Omaha Promos LLC,224100
"One 2 One Marketing, Inc.",287682
One Point,548430
One Source Industries Promo.,287721
One Stop Advertising,287949
On Time Marketing Corp,287655
"Outfit Your Logo, LLC",255254
Pacific Color Graphics,24765
Paperclip Promotions ,290142
Paper Pack Inc. ,311701
Partners N Promotion,350153
"Partners Promotional Grp, Inc.",291352
Payden & Company LLC,292044
PDQ Printing of Las Vegas,32836
"Peak Events, LLC",35123
Pegg Products LLC,36828
"Pepwear, LLC",278631
Peregrine Corporation,293491
Perfect Promotions LLC,293619
Perfect Promotions & More ,293554
Perry Office Plus ,522444
Peter E. Kleine Company,243420
Petrocelli Marketing Group,294780
PFM Marketing LLC,288811
Pickle Print ,31651
Pillsbury Marketing,295930
Pinnacle Promotions ,28010
Pinnacle Promotions,295986
Pizazz,296298
Polar Graphics USA,296750
Porter World Trade Co.,297297
Positive Promotions ,297370
Positive Promotions,297370
PowerLink Promo Prds,297668
Premium King,19944
Prestige Business Solutions ,299235
Presto Promos/ Lopez Promotions,229144
Printglobe ,26761
Printglobe,26761
Print Mark-et,35842
Private I Print Promotions # 29074,29074
Probitas Promotions,36010
"ProCorp Images, Inc.",299697
Production Creek Specialty,299743
Proforma 100,359189
Proforma,300094
Proforma Business Reources,19934
Proforma Communications Group,26959
Proforma Creative Printing Solutions,25287
Proforma custom Promotions ,28842
Proforma Extraordinary Promotions ,32517
Proforma Graphic & Promo Sol,24845
Proforma Impact Print & Promo,34415
Proforma MyCo Print Solutions ,25346
Proforma Printhouse ,33928
Proforma TACABU ,31591
Proforma TACABU,31591
Proforma Web & Print Solutions,33382
Progressive Gifts & Incentives,300333
Progressive Promotions,300237
"Promocentric, Inc",300644
PROMO DEPOT ,300408
Promo Direct,301093
Promo Factory LLC,33297
"Promo Graphics, Inc",30558
"Promo Logic, LLC",26150
Promo Masters ,26074
Promo Masters,26074
Promopeddler.com,24933
Promoshak LLC,37387
Promo Shop,300446
Promotional Alliance Inc. ,300728
Promotional Concepts,300754
Promotional Considerations,300810
Promotional Creations,300763
Promotional Designs,300762
Promotional Images,300872
Promotional Impact,300878
Promotional Items and Apparel ,36891
Promotional Items Direct,279393
Promotional Marketing Inc.,301008
Promotional Solutions,303899
Promotion Concepts Inc,300545
Promotion Perfection Halo,356000
Promotion Products Marketing,300605
"Promotions Direct, Inc.",301228
Promotions Now,125050
Promotions Pronto ,301257
Promotions Unlimited,27482
"PromoVentures, Inc.",301443
Pro Specialties Group Inc. ,299725
PSA Worldwide ,289040
PSA Worldwide,289040
PS Promotions,27616
PSP Unlimted ,289153
PublicIdentity,301878
"Quality Concepts, Inc. ",302916
"Quality Logo Products, Inc.",302967
"Quality Resource Group, INC.",303015
RAINDANCE MEDIA SOLUTIONS ,304510
Razz-M-Tazz Promotions,304960
"RDJ Specialties, Inc.",303361
"RDP CREATIVE, INC",304992
Redman I Am,35766
Red Oak Branded Advertising,305635
Red Promotions,590025
Regal Promotional Solutions,306065
REGENCY OFFICE PRODUCTS,306196
Reliable Sales,26118
REMLINE CORP,307030
Renaissance Promotions,307074
Resource LLC,307457
Rewarding Events & Incentives,307658
Riptide Promotions,31893
Robyn Promotions & Printing,309656
RR Donnelley and Sons,509748
Rushimprint,162968
Rushking Promotions,315085
Russell - Hampton Co,315150
Sampson Miller Advertising Inc.,317770
Santa Fe Sports & Images,318817
SayNoMore! Promotions Inc,319787
SBS Promo,333600
Scarborough Specialties ,319940
Scarsborough Specialties,319940
S.C.G & Assoc.,315978
"Schwartz, Steve Associates",321330
SCM Promos ,33462
Scott Advertising Specialists,321580
Scott Berry Promotions a div. of Halo Branding Solutions,218450
Screen Images Inc,20520
Seaboard Graphic Services,24635
Second Story Promotions,30965
Sela Promotions ,36826
Select Design,322791
"Shads Advertising Co., Inc.",324150
Shirt Graphix,325857
Show your Logo ,326179
SIGNET,326636
SignIt,326849
Skylight-Creative Ideas,328460
"Smith Dryden, LLC",329115
"Smith & Margol, Inc.",328945
SNAP Marketing Proforma ,29260
SoHo Creative,37425
"Solutions, Etc.",24928
Sonic Promos,329865
Sons Advertising Spec.,116150
Soul Swag,590282
Source4,32918
Source 4 Int. Busn & Mktg Sol.,181850
Southern Sales & Marketing,330513
South Paw Canada,34193
Southwick Specialty Adv. Co.,330940
Spartan Promotional Group,331150
Specially For You,331377
"Specialties, Inc.",331340
Specialties Plus of NC,331384
Specialty Business Items,19199
Spectrum Promotional Prod.,332173
Spike's Trophies,332191
SP Richards,34076
Square One Promotional Prds,332912
S & S Promotional Group Inc.,316120
"Stackable Sensations, LLC",332999
Standard Register,333647
St. Andrews Products Co,316340
Staples ,120601
Staples,120601
Starlight Advertising,334995
Steamboat Marketing Inc.,33518
Stec's Advertising Spec.,335450
Stellar Designs,33970
S & T Enterprises,25269
Stephen Gould Corporation,212272
"Stephens, Bob & Assoc",336200
Stevick Business Forms,336577
Stevick Business Specialties & Adv,336577
Stran Promotional Solutions,337725
Strategic Factory,35477
Strategic KC,307644
Strategic Promotions,337922
"Strategies, LTD.",337875
Straub Marketing,288656
Successories,128242
Summit Group,339116
SunCoast Print and Promotions,339257
Sundance Office Supply,548556
"Suttle, Inc ",21250
"Swagalicious Promos, LLC",340487
Swagdog,340307
"Swervepoint, LLC",340679
Sylvan Enterprises,340862
Tangerine Promotions ,341609
Target Marketing Inc.,341691
Target Marketing Inc.,341741
Taylor Communications,333647
Taymark/Andersons,342382
TC Outfitters,36251
T.D. Mills Promotional Product,272650
Team Promotions,342465
Techno-Marketing,181575
TEJAS OFFICE PRODUCTS ,185126
The Adwood Company Inc.,114863
The Adwood Company Inc,114863
The Barr Group,132970
The Brand Wagon,32006
The Corporate Shop,169059
The Dunstan Group LLC,32314
The Executive Advertising,343547
THE FINER THINGS ,194088
THE FINER THINGS,194088
The Hanigan Company,28995
The Hunt Group,27656
The Ice Box,229395
The Imprint Source,28540
The Kinetic Group,242452
The Manko Company,253743
The Morgan Company ,276346
The New Millenium,283145
The Notable Corporation,285435
The Paper People,290067
The Prestigious Mark,299267
The Printer Lion,299504
The Promotions Dept.,301221
The Quantum Group ,303053
The Weeks Lerman Group,252250
Think Tank Studio ,320771
"This Promo Works, LLC",30739
Three Rivers Specialty Co.,344500
Thumbprint,27988
TIC TOC ,158990
Tidewater Incentives Group,344565
TNT Ad Specialties,34275
Tom & Carol Specialties,345226
Tools of Marketing,345333
Top 2 Bottom Marketing,31382
"TOP HOTEL SUPPLY, Inc",26373
TOTAL LABEL & GRAPHICS,345574
"Total Marketing, LLC",33557
Tray Inc.,346315
Trend It Branding,35717
Tri Made Marketing,346983
Tri-State distributing Co,347400
Tri-State Distributing Co.,347400
TR Marketing,341267
Trojan Promotions,281985
"T S C, Inc.",341203
T-shirts Etc.,25472
"TSI Associates, INC",341221
T S & J Inc  ,341208
T & T Inc.,341291
"Tugboat, Inc.",174105
Turbo Threads # 025635,347763
Underabuck.com,347958
Unified Promo Group,36704
Union Resource Marketing,348329
UNIQUE CRAFTERS COMPANY,23416
"UNIQUE MARKETING TOOLS, LLC",31224
"United Print Group, Inc.",348665
Universal Athletic,36771
Universal Athletic ND,36771
Universal Group,29761
Uppercut Promotion,350049
U.S. Allegiance Inc.,348010
"USA Marketing, LLC",348002
Ussery Printing,33852
UTAH CORRECTIONAL INDUSTRIES,32382
Vanguard Direct,350665
Vanguard Direct/ PA DIV,25637
Varsity Marketing,36787
Velocity Print Solutions,152295
VENDO DIRECT,27922
Vernon Sales Promotions,351700
VGVisuals ,28362
Victor Advertising Service,352000
Viking Screen Prints,352076
Village Print Shoppe,36054
Visual Images,352531
"V.N. Products, Inc.",19827
Walker Advertising Inc.,354440
"Walker/Clay, Inc.",354530
Walker Companies ,354596
Ward Promotional Marketing,355430
Warmus Enterprises,26835
W.B. Mason,353194
Webb/Mason Inc.,356166
Western Associates,358500
Whats Happeneing Promotions ,359209
Wild Impact Marketing,360200
"WILLIAMS & ASSOCIATES, LTD.",23911
Winbrook Hingham,361595
"Wizard Creations, Inc.",30510
Workflowone,333647
WorkFlowOne,333647
Worth Higgins & Associates Inc,363812
Yac Industries,18602
Y-Not Design & Mfg,364744
You Name It Specialties,365123
"Zackback, Inc",18577
Zagwear,365552
"Zebra Marketing, Inc",365683
Zia Graphics #009045,365537
Zia Graphics ,365537
Zia Promotional Products,31138
Zuna Corporation,366150
